key,de-DE,R,en-US,R,da-DK,R,fi-FI,R,sv-SE,R,fr-FR,R,it-IT,R,es-ES,R
custom.data.type.iucn.editor.menu.delete-button|text,Löschen,FALSE,Delete,FALSE,Delete,TRUE,Poista,FALSE,Radera,FALSE,Supprimer,FALSE,,FALSE,,FALSE
custom.data.type.iucn.editor.search-button.tooltip,Suche,FALSE,Search,FALSE,Search,TRUE,Hae,FALSE,Sök,FALSE,Recherche,FALSE,,FALSE,,FALSE
custom.data.type.iucn.editor.search-input.placeholder,Suche nach Artnamen (lat. binomiale Nomenklatur) oder ID,FALSE,Search by species name (lat. binomial nomenclature) or ID,FALSE,Search by species name (lat. binomial nomenclature) or ID,TRUE,Hae lajin nimellä (lat. binomininen nimistö) tai tunnisteella,TRUE,Sök på artnamn (lat. binomial nomenklatur) eller ID,TRUE,Recherche par nom d'espèce (nomenclature binomiale latine) ou par identifiant,TRUE,,TRUE,,TRUE
custom.data.type.iucn.editor.search.token-invalid,IUCN-Token nicht gültig.,FALSE,IUCN token not valid.,FALSE,IUCN token not valid.,TRUE,IUCN-tunnus ei kelpaa.,FALSE,IUCN-token är inte giltig.,FALSE,Token IUCN non valide.,FALSE,,FALSE,,FALSE
custom.data.type.iucn.name,IUCN,FALSE,IUCN,FALSE,IUCN,TRUE,IUCN,FALSE,IUCN,FALSE,IUCN,FALSE,,FALSE,,FALSE
custom.data.type.iucn.output.empty-data,Kein Datensatz,FALSE,No data set,FALSE,No data set,TRUE,Ei tietoja,FALSE,Inga poster,FALSE,Aucun ensemble de données,FALSE,,FALSE,,FALSE
custom.data.type.iucn.output.no-status.text,Keine Informationen über den Status,FALSE,No information about status,FALSE,No information about status,TRUE,Tilasta ei ole tietoa,FALSE,Ingen information om status,FALSE,Aucune information sur le statut,FALSE,,FALSE,,FALSE
custom.data.type.iucn.output.status.red-list.text,Ist auf der Roten Liste,FALSE,It is in the red list,FALSE,It is in the red list,TRUE,Se on punaisella listalla,FALSE,Är på röda listan,FALSE,C'est dans la liste rouge,FALSE,,FALSE,,FALSE
custom.data.type.iucn.output.status.not-on-red-list.text,Ist nicht auf der Roten Liste,FALSE,It is not in the red list,FALSE,It is not in the red list,TRUE,Ei ole punaisella listalla,TRUE,Är inte på röda listan,TRUE,Il ne figure pas dans la liste rouge,TRUE,,TRUE,,TRUE
server.config.group.system.iucn.introduction,IUCN Konfiguration,FALSE,IUCN configuration,FALSE,IUCN configuration,TRUE,IUCN asetukset,FALSE,IUCN inställningar,FALSE,Configuration de l'IUCN,FALSE,,FALSE,,FALSE
server.config.group.system.iucn.title,IUCN,FALSE,IUCN,FALSE,IUCN,TRUE,IUCN,FALSE,IUCN,FALSE,IUCN,FALSE,,FALSE,,FALSE
"server.config.group.system.plugin_custom-data-type-iucn.introduction
",Einstellungen für das IUCN-Plugin,FALSE,Settings for the IUCN plugin,FALSE,Settings for the IUCN plugin,TRUE,IUCN-laajennuksen asetukset,FALSE,Inställningar för IUCN plugin,FALSE,Paramètres du plugin IUCN,FALSE,,FALSE,,FALSE
server.config.group.system.plugin_custom-data-type-iucn.title,IUCN,FALSE,IUCN,FALSE,IUCN,TRUE,IUCN,FALSE,IUCN,FALSE,IUCN,FALSE,,FALSE,,FALSE
server.config.name.system.iucn_api_settings,API Einstellungen,FALSE,API settings,FALSE,API settings,TRUE,API-asetukset,FALSE,API inställningar,FALSE,Paramètres de l'API,FALSE,,FALSE,,FALSE
server.config.name.system.iucn_easydb_settings,easydb Einstellungen,FALSE,easydb settings,FALSE,easydb settings,TRUE,easydb-asetukset,FALSE,easydb inställningar,FALSE,paramètres easydb,FALSE,,FALSE,,FALSE
server.config.name.system.iucn_settings,Einstellungen,FALSE,Settings,FALSE,Settings,TRUE,Asetukset,FALSE,Inställningar,FALSE,Paramètres,FALSE,,FALSE,,FALSE
server.config.name.system.update_interval_iucn,IUCN Updater,FALSE,IUCN Updater,FALSE,IUCN Updater,TRUE,IUCN päivitys,FALSE,IUCN-uppdatering,FALSE,Actualisé l'IUCN,FALSE,,FALSE,,FALSE
server.config.parameter.system.iucn_api_settings.api_token.label,Token,FALSE,Token,FALSE,Token,TRUE,Token,FALSE,Token,FALSE,Token,FALSE,,FALSE,,FALSE
server.config.parameter.system.iucn_api_settings.api_url.label,URL,FALSE,URL,FALSE,URL,TRUE,URL-osoite,FALSE,URL-adress,FALSE,URL,FALSE,,FALSE,,FALSE
server.config.parameter.system.iucn_easydb_settings.easydb_login.label,Benutzername,FALSE,Username,FALSE,Username,TRUE,Käyttäjätunnus,FALSE,Username,FALSE,Nom d'utilisateur,FALSE,,FALSE,,FALSE
server.config.parameter.system.iucn_easydb_settings.easydb_password.label,Passwort,FALSE,Password,FALSE,Password,TRUE,Salasana,FALSE,Lösenord,FALSE,Mot de passe,FALSE,,FALSE,,FALSE
server.config.parameter.system.iucn_settings.collection.placeholder,- Mappe auswählen -,FALSE,- select collection -,FALSE,- select collection -,TRUE,,TRUE,,TRUE,,TRUE,,TRUE,,TRUE
server.config.parameter.system.iucn_settings.collection_id.label,Mappe,FALSE,Collection,FALSE,Collection,TRUE,,TRUE,,TRUE,,TRUE,,TRUE,,TRUE
server.config.parameter.system.iucn_settings.iucn_fields.label,IUCN Felder,FALSE,IUCN Fields,FALSE,IUCN Fields,TRUE,IUCN-kentät,FALSE,IUCN-fält,FALSE,Champs de l'IUCN,FALSE,,FALSE,,FALSE
server.config.parameter.system.iucn_settings.iucn_fields.placeholder,- IUCN Feld auswählen -,FALSE,- Select IUCN field -,FALSE,- Select IUCN field -,TRUE,- Valitse IUCN-kenttä -,FALSE,- Välj IUCN-fält-,FALSE,- Sélectionnez le champ IUCN -,FALSE,,FALSE,,FALSE
server.config.parameter.system.iucn_settings.objecttypes.direct.label,Objecttype mit Verwendung des benutzerdefinierten Datentyps IUCN,FALSE,Object type with usage of custom data type IUCN,FALSE,Object type with usage of custom data type IUCN,TRUE,"Objektityyppi, jossa käytetään mukautettua tietotyyppiä IUCN",FALSE,Objekttyp som använder en användardefinierad IUCN-datatyp,FALSE,Type d'objet avec utilisation du type de données personnalisé IUCN,FALSE,,FALSE,,FALSE
server.config.parameter.system.iucn_settings.objecttypes.link.label,Objekttyp mit Verwendung des zuvor ausgewählten Objekttyps,FALSE,Object type with usage of the previously selected objecttype,FALSE,Object type with usage of the previously selected objecttype,TRUE,"Objektityyppi, jossa käytetään aiemmin valittua objektityyppiä",FALSE,Objekttyp med den tidigare valda objekttypen,FALSE,Type d'objet avec utilisation du type d'objet précédemment sélectionné,FALSE,,FALSE,,FALSE
server.config.parameter.system.iucn_settings.tag_red.label,Rote Liste Tag,FALSE,Red list tag,FALSE,Red list tag,TRUE,Punaisen kirjan tunniste,FALSE,Röd lista tagg,FALSE,Étiquette de la liste rouge,FALSE,,FALSE,,FALSE
server.config.parameter.system.iucn_settings.tag.placeholder.tag_red,Rote Liste Tag auswählen,FALSE,Select red list tag,FALSE,Select red list tag,TRUE,Valitse punaisen kirjan tunniste,FALSE,Välj röd lista tagg,FALSE,Sélectionnez le tag de la liste rouge,FALSE,,FALSE,,FALSE
server.config.parameter.system.update_interval_iucn.days.label,Tage zwischen Updates,FALSE,Days between updates,FALSE,Days between updates,TRUE,Päivitysten väli päivissä,FALSE,Dagar mellan uppdateringar,FALSE,Nombre de jours entre les mises à jour,FALSE,,FALSE,,FALSE
,,FALSE,,FALSE,,FALSE,,FALSE,,FALSE,,FALSE,,FALSE,,FALSE
,,FALSE,,FALSE,,FALSE,,FALSE,,FALSE,,FALSE,,FALSE,,FALSE
,,FALSE,,FALSE,,FALSE,,FALSE,,FALSE,,FALSE,,FALSE,,FALSE
,,FALSE,,FALSE,,FALSE,,FALSE,,FALSE,,FALSE,,FALSE,,FALSE
,,FALSE,,FALSE,,FALSE,,FALSE,,FALSE,,FALSE,,FALSE,,FALSE
,,FALSE,,FALSE,,FALSE,,FALSE,,FALSE,,FALSE,,FALSE,,FALSE
,,FALSE,,FALSE,,FALSE,,FALSE,,FALSE,,FALSE,,FALSE,,FALSE
,,FALSE,,FALSE,,FALSE,,FALSE,,FALSE,,FALSE,,FALSE,,FALSE
,,FALSE,,FALSE,,FALSE,,FALSE,,FALSE,,FALSE,,FALSE,,FALSE
,,FALSE,,FALSE,,FALSE,,FALSE,,FALSE,,FALSE,,FALSE,,FALSE